Station,Periods,Hurst (R/S) max,Hurst (R/S) min,Hurst (DFA) max,Hurst (DFA) min,Hurst (GHE) max,Hurst (GHE) min,Lyapunov (Rosenstein's)
el_carmen,"[365, 182]",1.095010591046477,1.0709430396039636,1.031411423706058,1.0004829644728193,0.174127768352579,0.1565724532824042,0
el_carmen,"[365, 182]",1.0824825726928442,1.0709430396039636,1.031411423706058,1.0004829644728193,0.174127768352579,0.15657245328240427,0
