Station,Periods,Hurst (R/S) max,Hurst (R/S) min,Hurst (DFA) max,Hurst (DFA) min,Hurst (GHE) max,Hurst (GHE) min,Hurst (CHAN) max,Hurst (CHAN) min,Lyapunov (Rosenstein's)
el_carmen,"[365, 182]",1.0824825726928442,1.0709430396039636,1.031411423706058,1.0004829644728193,0.174127768352579,0.1565724532824042,0.2071996025256528,0.0201039475363728,-0.008888158479445
el_carmen,"[365, 182]",1.0824825726928442,1.070943039603964,1.031411423706059,1.0004829644728193,0.174127768352579,0.1565724532824042,0.2071996025256528,0.0201039475363728,-0.0025250725183034
el_carmen,"[365, 182]",1.0824825726928442,1.070943039603964,1.031411423706059,1.0004829644728193,0.174127768352579,0.1565724532824042,0.2071996025256528,0.0201039475363728,-0.0025250725183034
el_carmen,"[365, 182]",1.0824825726928442,1.070943039603964,1.031411423706059,1.0004829644728193,0.174127768352579,0.1565724532824042,0.2071996025256528,0.0201039475363728,-0.0063807553460762
el_carmen,"[365, 182]",1.0824825726928442,1.070943039603964,1.031411423706059,1.0004829644728193,0.174127768352579,0.1565724532824042,0.2071996025256528,0.0201039475363728,-0.008888158479445
el_carmen,"[365, 182, 1327, 1622]",1.0824825726928442,1.070943039603964,1.031411423706059,1.0004829644728193,0.174127768352579,0.15657245328240427,0.20719960252565284,0.020103947536372853,-0.003036094041223917
