Station,Periods,Hurst (R/S) max,Hurst (R/S) min,Hurst (DFA) max,Hurst (DFA) min,Hurst (GHE) max,Hurst (GHE) min,Lyapunov (Rosenstein's),Hurst (local),Hurst (CHAN) max,Hurst (CHAN) min
el_carmen,"[365, 182]",1.095010591046477,1.0709430396039636,1.031411423706058,1.0004829644728193,0.174127768352579,0.1565724532824042,0.0,,,
el_carmen,"[365, 182]",1.0824825726928442,1.0709430396039636,1.031411423706058,1.0004829644728193,0.174127768352579,0.1565724532824042,0.0,,,
el_carmen,"[365, 182]",1.0824825726928442,1.0709430396039636,1.031411423706058,1.0004829644728193,0.174127768352579,0.1565724532824042,0.0,,,
el_carmen,"[365, 182]",1.0824825726928442,1.0709430396039636,1.031411423706058,1.0004829644728193,0.174127768352579,0.1565724532824042,0.0,0.5494436172107247,,
el_carmen,"[365, 182]",1.0824825726928442,1.0709430396039636,1.031411423706058,1.0004829644728193,0.174127768352579,0.1565724532824042,0.0,,0.2071996025256528,0.0470468576109667
el_carmen,"[365, 182]",1.0824825726928442,1.0709430396039636,1.031411423706058,1.0004829644728193,0.174127768352579,0.1565724532824042,0.0,,0.2071996025256528,0.0470468576109667
el_carmen,"[365, 182]",1.0824825726928442,1.0709430396039636,1.031411423706058,1.0004829644728193,0.174127768352579,0.1565724532824042,0.0,,0.2071996025256528,0.0201039475363728
el_carmen,"[365, 182]",1.0824825726928442,1.0709430396039636,1.031411423706058,1.0004829644728193,0.174127768352579,0.15657245328240427,-0.008888158479445069,,0.20719960252565284,0.020103947536372853
